date,day,visitors
2023-01-01,일,1268
2023-01-02,월,365
2023-01-03,화,345
2023-01-04,수,428
2023-01-05,목,439
2023-01-06,금,424
2023-01-07,토,878
2023-01-08,일,1260
2023-01-09,월,542
2023-01-10,화,608
2023-01-11,수,578
2023-01-12,목,960
2023-01-13,금,235
2023-01-14,토,542
2023-01-15,일,499
2023-01-16,월,317
2023-01-17,화,356
2023-01-18,수,356
2023-01-19,목,453
2023-01-20,금,252
2023-01-21,토,795
2023-01-22,일,1146
2023-01-23,월,2810
2023-01-24,화,209
2023-01-25,수,135
2023-01-26,목,288
2023-01-27,금,1206
2023-01-28,토,1930
2023-01-29,일,1210
2023-01-30,월,411
2023-01-31,화,509
2023-02-01,일,500
2023-02-02,월,468
2023-02-03,화,476
2023-02-04,수,2439
2023-02-05,목,2909
2023-02-06,금,779
2023-02-07,토,725
2023-02-08,일,749
2023-02-09,월,906
2023-02-10,화,570
2023-02-11,수,4339
2023-02-12,목,4164
2023-02-13,금,968
2023-02-14,토,884
2023-02-15,일,886
2023-02-16,월,727
2023-02-17,화,1121
2023-02-18,수,2880
2023-02-19,목,2869
2023-02-20,금,811
2023-02-21,토,627
2023-02-22,일,898
2023-02-23,월,1425
2023-02-24,화,1658
2023-02-25,수,3987
2023-02-26,목,5228
2023-02-27,금,3538
2023-02-28,토,3603
2023-03-01,수,7457
2023-03-02,목,768
2023-03-03,금,792
2023-03-04,토,7806
2023-03-05,일,9254
2023-03-06,월,1039
2023-03-07,화,1119
2023-03-08,수,792
2023-03-09,목,632
2023-03-10,금,1533
2023-03-11,토,15428
2023-03-12,일,539
2023-03-13,월,551
2023-03-14,화,1070
2023-03-15,수,914
2023-03-16,목,898
2023-03-17,금,1179
2023-03-18,토,11932
2023-03-19,일,12194
2023-03-20,월,1353
2023-03-21,화,1544
2023-03-22,수,1525
2023-03-23,목,3426
2023-03-24,금,1677
2023-03-25,토,13180
2023-03-26,일,19974
2023-03-27,월,2008
2023-03-28,화,1983
2023-03-29,수,2199
2023-03-30,목,2758
2023-03-31,금,4248
2023-04-01,토,24827
2023-04-02,일,26129
2023-04-03,월,7318
2023-04-04,화,3674
2023-04-05,수,248
2023-04-06,목,859
2023-04-07,금,3409
2023-04-08,토,13460
2023-04-09,일,15723
2023-04-10,월,3076
2023-04-11,화,542
2023-04-12,수,1802
2023-04-13,목,4630
2023-04-14,금,3123
2023-04-15,토,3738
2023-04-16,일,8295
2023-04-17,월,7058
2023-04-18,화,810
2023-04-19,수,4066
2023-04-20,목,2688
2023-04-21,금,5455
2023-04-22,토,14297
2023-04-23,일,14121
2023-04-24,월,3371
2023-04-25,화,1048
2023-04-26,수,3444
2023-04-27,목,7353
2023-04-28,금,5908
2023-04-29,토,13909
2023-04-30,일,17773
2023-05-01,월,18777
2023-05-02,화,3720
2023-05-03,수,4919
2023-05-04,목,6185
2023-05-05,금,1286
2023-05-06,토,941
2023-05-07,일,8043
2023-05-08,월,3305
2023-05-09,화,3769
2023-05-10,수,4410
2023-05-11,목,6468
2023-05-12,금,6220
2023-05-13,토,16168
2023-05-14,일,15901
2023-05-15,월,3859
2023-05-16,화,4721
2023-05-17,수,4850
2023-05-18,목,5966
2023-05-19,금,7478
2023-05-20,토,16102
2023-05-21,일,15214
2023-05-22,월,4135
2023-05-23,화,5286
2023-05-24,수,6226
2023-05-25,목,7652
2023-05-26,금,6831
2023-05-27,토,4392
2023-05-28,일,23283
2023-05-29,월,15771
2023-05-30,화,4358
2023-05-31,수,7039
2023-06-01,목,5057
2023-06-02,금,4943
2023-06-03,토,16661
2023-06-04,일,18113
2023-06-05,월,9332
2023-06-06,화,19754
2023-06-07,수,2314
2023-06-08,목,2180
2023-06-09,금,2712
2023-06-10,토,6621
2023-06-11,일,7252
2023-06-12,월,2158
2023-06-13,화,2238
2023-06-14,수,1942
2023-06-15,목,2030
2023-06-16,금,2162
2023-06-17,토,7570
2023-06-18,일,5725
2023-06-19,월,967
2023-06-20,화,1390
2023-06-21,수,495
2023-06-22,목,2088
2023-06-23,금,1713
2023-06-24,토,5590
2023-06-25,일,3946
2023-06-26,월,375
2023-06-27,화,15950
2023-06-28,수,1011
2023-06-29,목,131
2023-06-30,금,1794
2023-07-01,토,2821
2023-07-02,일,2872
2023-07-03,월,545
2023-07-04,화,419
2023-07-05,수,855
2023-07-06,목,795
2023-07-07,금,834
2023-07-08,토,4459
2023-07-09,일,1053
2023-07-10,월,559
2023-07-11,화,430
2023-07-12,수,923
2023-07-13,목,132
2023-07-14,금,166
2023-07-15,토,1324
2023-07-16,일,1889
2023-07-17,월,851
2023-07-18,화,392
2023-07-19,수,1244
2023-07-20,목,1042
2023-07-21,금,2577
2023-07-22,토,2173
2023-07-23,일,392
2023-07-24,월,1150
2023-07-25,화,12014
2023-07-26,수,1002
2023-07-27,목,1014
2023-07-28,금,900
2023-07-29,토,1549
2023-07-30,일,1459
2023-07-31,월,1290
2023-08-01,화,1032
2023-08-02,수,896
2023-08-03,목,757
2023-08-04,금,715
2023-08-05,토,1009
2023-08-06,일,841
2023-08-07,월,432
2023-08-08,화,437
2023-08-09,수,614
2023-08-10,목,54
2023-08-11,금,400
2023-08-12,토,4591
2023-08-13,일,5847
2023-08-14,월,1573
2023-08-15,화,3626
2023-08-16,수,1430
2023-08-17,목,747
2023-08-18,금,523
2023-08-19,토,1969
2023-08-20,일,2441
2023-08-21,월,615
2023-08-22,화,398
2023-08-23,수,273
2023-08-24,목,588
2023-08-25,금,832
2023-08-26,토,5372
2023-08-27,일,9460
2023-08-28,월,302
2023-08-29,화,203
2023-08-30,수,557
2023-08-31,목,1374
2023-09-01,금,1401
2023-09-02,토,10082
2023-09-03,일,6528
2023-09-04,월,1689
2023-09-05,화,974
2023-09-06,수,1017
2023-09-07,목,1141
2023-09-08,금,1705
2023-09-09,토,8358
2023-09-10,일,9018
2023-09-11,월,1391
2023-09-12,화,1124
2023-09-13,수,716
2023-09-14,목,2969
2023-09-15,금,535
2023-09-16,토,4664
2023-09-17,일,7474
2023-09-18,월,1782
2023-09-19,화,2269
2023-09-20,수,459
2023-09-21,목,3053
2023-09-22,금,3056
2023-09-23,토,13095
2023-09-24,일,15138
2023-09-25,월,1631
2023-09-26,화,374
2023-09-27,수,788
2023-09-28,목,11864
2023-09-29,금,20239
2023-09-30,토,13801
2023-10-01,일,22044
2023-10-02,월,23408
2023-10-03,화,15126
2023-10-04,수,3061
2023-10-05,목,2908
2023-10-06,금,4154
2023-10-07,토,14177
2023-10-08,일,16657
2023-10-09,월,15218
2023-10-10,화,2761
2023-10-11,수,3679
2023-10-12,목,3844
2023-10-13,금,4995
2023-10-14,토,3007
2023-10-15,일,16859
2023-10-16,월,3380
2023-10-17,화,5117
2023-10-18,수,5465
2023-10-19,목,1118
2023-10-20,금,6287
2023-10-21,토,12618
2023-10-22,일,15168
2023-10-23,월,3183
2023-10-24,화,3832
2023-10-25,수,4366
2023-10-26,목,4150
2023-10-27,금,6039
2023-10-28,토,20841
2023-10-29,일,32527
2023-10-30,월,4739
2023-10-31,화,3830
2023-11-01,수,3047
2023-11-02,목,4554
2023-11-03,금,2612
2023-11-04,토,16512
2023-11-05,일,2015
2023-11-06,월,670
2023-11-07,화,1894
2023-11-08,수,2199
2023-11-09,목,1932
2023-11-10,금,2067
2023-11-11,토,4012
2023-11-12,일,3466
2023-11-13,월,734
2023-11-14,화,2941
2023-11-15,수,1223
2023-11-16,목,270
2023-11-17,금,1028
2023-11-18,토,2146
2023-11-19,일,4039
2023-11-20,월,946
2023-11-21,화,1128
2023-11-22,수,1257
2023-11-23,목,903
2023-11-24,금,447
2023-11-25,토,1326
2023-11-26,일,23604
2023-11-27,월,276
2023-11-28,화,607
2023-11-29,수,316
2023-11-30,목,208
2023-12-01,수,277
2023-12-02,목,1150
2023-12-03,금,1590
2023-12-04,토,554
2023-12-05,일,542
2023-12-06,월,318
2023-12-07,화,553
2023-12-08,수,888
2023-12-09,목,5337
2023-12-10,금,5776
2023-12-11,토,119
2023-12-12,일,451
2023-12-13,월,569
2023-12-14,화,171
2023-12-15,수,77
2023-12-16,목,553
2023-12-17,금,5644
2023-12-18,토,624
2023-12-19,일,282
2023-12-20,월,267
2023-12-21,화,102
2023-12-22,수,2823
2023-12-23,목,338
2023-12-24,금,904
2023-12-25,토,732
2023-12-26,일,547
2023-12-27,월,643
2023-12-28,화,518
2023-12-29,수,651
2023-12-30,목,344
2023-12-31,,950
